Name,OMOP,Domain,Vocabulary,Prevalence,Table_Name,Data_Through_Date,Incidence,Person_Count,Record_Count
Clinical Practice Research Datalink (CPRD) GOLD,Yes,Condition,Read,"609,994,943",condition_occurrence,2025-01-31,100%,"19,122,959","609,994,943"
Clinical Practice Research Datalink (CPRD) GOLD,Yes,Drug,Gemscript,"2,602,542,179",drug_exposure,2025-01-31,94.1%,"17,761,363","2,602,542,179"
Clinical Practice Research Datalink (CPRD) GOLD,Yes,Drug,Read,"189,204,130",drug_exposure,2025-01-31,77.21%,"14,573,161","189,204,130"
Clinical Practice Research Datalink (CPRD) GOLD,Yes,Lab,Read,"69,136,546",measurement,2025-01-31,66.28%,"11,911,060","69,136,546"
Clinical Practice Research Datalink (CPRD) GOLD,Yes,Lab,cprd-tst,"1,803,448,174",measurement,2025-01-31,78.59%,"14,123,345","1,803,448,174"
Clinical Practice Research Datalink (CPRD) GOLD,Yes,Lab,cprd-scm,"20,980",measurement,2025-01-31,0.05%,"8,744","20,980"
Clinical Practice Research Datalink (CPRD) GOLD,Yes,Lab,cprd-add,"855,802,976",measurement,2025-01-31,92.26%,"16,578,719","855,802,976"
Clinical Practice Research Datalink (CPRD) GOLD,Yes,Procedure,Read,"622,275,691",procedure_occurrence,2025-01-31,100%,"18,171,762","622,275,691"
DATASUS Ambulatory,Yes,Condition,ICD10,"586,535,225",condition_occurrence,2022-06-06,99.73%,"76,593,778","586,535,225"
DATASUS Ambulatory,Yes,Drug,Chemo Drug,"40,437,180",drug_exposure,2022-06-06,22.06%,"2,270,155","40,437,180"
DATASUS Ambulatory,Yes,Drug,SUS,"255,012,291",drug_exposure,2022-06-06,80%,"8,233,862","255,012,291"
DATASUS Ambulatory,Yes,Lab,ICD10,"5,255,371",measurement,2022-06-06,3.51%,"2,875,585","5,255,371"
DATASUS Ambulatory,Yes,Lab,Histology Grade,"24,802,802",measurement,2022-06-06,2.29%,"1,878,394","24,802,802"
DATASUS Ambulatory,Yes,Lab,SUS,"1,097,255,106",measurement,2022-06-06,99.29%,"81,308,845","1,097,255,106"
DATASUS Ambulatory,Yes,Procedure,Chemo Drug,68,procedure_occurrence,2022-06-06,0%,27,68
DATASUS Ambulatory,Yes,Procedure,ICD10,"43,964,409",procedure_occurrence,2022-06-06,13.34%,"18,034,166","43,964,409"
DATASUS Ambulatory,Yes,Procedure,SUS,"739,504,684",procedure_occurrence,2022-06-06,98.96%,"133,746,460","739,504,684"
DATASUS Hospital,Yes,Condition,ICD10,"191,896,096",condition_occurrence,2022-06-06,100%,"152,780,225","191,896,096"
DATASUS Hospital,Yes,Condition,SUS,"4,096,620",condition_occurrence,2022-06-06,1.07%,"1,636,044","4,096,620"
DATASUS Hospital,Yes,Drug,SUS,"3,585,588",drug_exposure,2022-06-06,100%,"2,443,533","3,585,588"
DATASUS Hospital,Yes,Lab,ICD10,"115,059",measurement,2022-06-06,0.12%,"112,746","115,059"
DATASUS Hospital,Yes,Lab,SUS,"704,857,458",measurement,2022-06-06,99.96%,"91,546,365","704,857,458"
DATASUS Hospital,Yes,Procedure,ICD10,"2,554,654",procedure_occurrence,2022-06-06,1.63%,"2,533,975","2,554,654"
DATASUS Hospital,Yes,Procedure,SUS,"952,587,087",procedure_occurrence,2022-06-06,100%,"155,753,339","952,587,087"
DeSC,Partial,Condition,ICD10,"4,774,596,383",condition_occurrence,2023-11-30,100%,"19,255,102","4,774,596,383"
DeSC,Partial,Drug,KDC,"743,126",drug_exposure,2023-11-30,0.8%,"149,262","743,126"
DeSC,Partial,Drug,EDI,"749,902",drug_exposure,2023-11-30,0.81%,"151,465","749,902"
DeSC,Partial,Drug,NDC,"6,402,480",drug_exposure,2023-11-30,3.44%,"641,072","6,402,480"
DeSC,Partial,Procedure,Nebraska Lexicon,"7,664,498",procedure_occurrence,2023-11-30,2.17%,"410,306","7,664,498"
DeSC,Partial,Procedure,SNOMED,"7,664,498",procedure_occurrence,2023-11-30,2.17%,"410,306","7,664,498"
DeSC,Partial,Procedure,NDC,89,procedure_occurrence,2023-11-30,0%,23,89
Disease Analyzer Germany,Yes,Condition,UK Biobank,"3,686,453",condition_occurrence,2023-09-30,10.74%,"1,788,940","3,686,453"
Disease Analyzer Germany,Yes,Condition,Gemscript,"1,471,885",condition_occurrence,2023-09-30,2.17%,"362,008","1,471,885"
Disease Analyzer Germany,Yes,Condition,ClinVar,"3,834,946",condition_occurrence,2023-09-30,8.68%,"1,445,644","3,834,946"
Disease Analyzer Germany,Yes,Condition,CIEL,"22,015,078",condition_occurrence,2023-09-30,36.48%,"6,074,759","22,015,078"
Disease Analyzer Germany,Yes,Condition,CPT4,"6,167,909",condition_occurrence,2023-09-30,12.99%,"2,162,694","6,167,909"
Disease Analyzer Germany,Yes,Condition,Nebraska Lexicon,"130,731",condition_occurrence,2023-09-30,0.25%,"41,750","130,731"
Disease Analyzer Germany,Yes,Condition,VANDF,"14,452,801",condition_occurrence,2023-09-30,28.57%,"4,756,724","14,452,801"
Disease Analyzer Germany,Yes,Condition,BDPM,"624,146",condition_occurrence,2023-09-30,2.2%,"367,053","624,146"
Disease Analyzer Germany,Yes,Condition,DPD,"1,730,692",condition_occurrence,2023-09-30,4.05%,"674,488","1,730,692"
Disease Analyzer Germany,Yes,Condition,OSM,"23,004,043",condition_occurrence,2023-09-30,34.53%,"5,749,698","23,004,043"
Disease Analyzer Germany,Yes,Condition,GGR,"2,615,888",condition_occurrence,2023-09-30,4.58%,"763,279","2,615,888"
Disease Analyzer Germany,Yes,Condition,ICD10PCS,"35,144",condition_occurrence,2023-09-30,0.1%,"16,748","35,144"
Disease Analyzer Germany,Yes,Condition,SNOMED,"130,731",condition_occurrence,2023-09-30,0.25%,"41,750","130,731"
Disease Analyzer Germany,Yes,Condition,NCCD,"6,544,854",condition_occurrence,2023-09-30,16.67%,"2,776,113","6,544,854"
Disease Analyzer Germany,Yes,Condition,Multum,"1,460,789",condition_occurrence,2023-09-30,5.34%,"888,404","1,460,789"
Disease Analyzer Germany,Yes,Condition,OMOP Genomic,"5,509,305",condition_occurrence,2023-09-30,12.07%,"2,009,724","5,509,305"
Disease Analyzer Germany,Yes,Condition,RxNorm,"47,933,894",condition_occurrence,2023-09-30,46.34%,"7,716,744","47,933,894"
Disease Analyzer Germany,Yes,Condition,JAX,"1,959,232",condition_occurrence,2023-09-30,5.96%,"992,204","1,959,232"
Disease Analyzer Germany,Yes,Condition,NDC,"1,864,489",condition_occurrence,2023-09-30,4.57%,"760,928","1,864,489"
Disease Analyzer Germany,Yes,Condition,GCN_SEQNO,"1,880,747",condition_occurrence,2023-09-30,5.16%,"859,751","1,880,747"
Disease Analyzer Germany,Yes,Condition,HemOnc,"2,234,529",condition_occurrence,2023-09-30,6.15%,"1,024,548","2,234,529"
Disease Analyzer Germany,Yes,Drug,Gemscript,"2,727,360",drug_exposure,2023-09-30,1.49%,"156,669","2,727,360"
Disease Analyzer Germany,Yes,Drug,ClinVar,"193,960",drug_exposure,2023-09-30,0.02%,"1,747","193,960"
Disease Analyzer Germany,Yes,Drug,Nebraska Lexicon,"1,330,742",drug_exposure,2023-09-30,0.72%,"75,694","1,330,742"
Disease Analyzer Germany,Yes,Drug,CPT4,"1,681",drug_exposure,2023-09-30,0.01%,"1,489","1,681"
Disease Analyzer Germany,Yes,Drug,DPD,"16,448",drug_exposure,2023-09-30,0.01%,"1,358","16,448"
Disease Analyzer Germany,Yes,Drug,OSM,"191,322",drug_exposure,2023-09-30,0.15%,"15,718","191,322"
Disease Analyzer Germany,Yes,Drug,SNOMED,"1,330,742",drug_exposure,2023-09-30,0.72%,"75,694","1,330,742"
Disease Analyzer Germany,Yes,Drug,RxNorm,"1,345,744",drug_exposure,2023-09-30,0.79%,"83,673","1,345,744"
Disease Analyzer Germany,Yes,Drug,NDC,"1,063,161",drug_exposure,2023-09-30,0.8%,"84,672","1,063,161"
Disease Analyzer Germany,Yes,Drug,dm+d,"7,644",drug_exposure,2023-09-30,0%,209,"7,644"
IBD Plexus Qorus,No,Condition,ICD 10,"240,452",diagnosis_crf; diagnosis_emr,2023-05-09,100%,"5,690","240,452"
IBD Plexus Qorus,No,Condition,Local,120,diagnosis_crf; diagnosis_emr,2023-05-09,0.07%,4,120
IBD Plexus Qorus,No,Drug,EPIC#65059,13,prescriptions_crf; prescriptions_emr,2023-05-09,0.03%,1,13
IBD Plexus Qorus,No,Drug,Local,"105,774",prescriptions_crf; prescriptions_emr,2023-05-09,83.94%,"3,304","105,774"
IBD Plexus Qorus,No,Drug,HCPCS,"1,032",prescriptions_crf; prescriptions_emr,2023-05-09,0.05%,2,"1,032"
IBD Plexus Qorus,No,Drug,RxNorm,"399,174",prescriptions_crf; prescriptions_emr,2023-05-09,92.33%,"3,634","399,174"
IBD Plexus Qorus,No,Lab,Local,"599,063",labs_crf; labs_emr,2023-05-09,95.11%,"2,896","599,063"
IBD Plexus Qorus,No,Lab,LOINC,"1,348,466",labs_crf; labs_emr,2023-05-09,74.25%,"2,261","1,348,466"
IBD Plexus Qorus,No,Procedure,CPT,"148,545",procedures_crf; procedures_emr,2023-05-09,60.58%,"2,064","148,545"
IBD Plexus Qorus,No,Procedure,ICD 10,566,procedures_crf; procedures_emr,2023-05-09,3.14%,107,566
IBD Plexus Qorus,No,Procedure,Local,"306,044",procedures_crf; procedures_emr,2023-05-09,84.8%,"2,889","306,044"
IBD Plexus Qorus,No,Procedure,HCPCS,"8,696",procedures_crf; procedures_emr,2023-05-09,10.65%,363,"8,696"
IBD Plexus Sparc,No,Condition,ICD 10,"1,072,777",diagnosis_crf; diagnosis_emr,2025-02-11,100%,"6,063","1,072,777"
IBD Plexus Sparc,No,Condition,Local,"28,196",diagnosis_crf; diagnosis_emr,2025-02-11,93.68%,"5,680","28,196"
IBD Plexus Sparc,No,Drug,Local,"252,373",prescriptions_crf; prescriptions_emr,2025-02-11,98.34%,"5,942","252,373"
IBD Plexus Sparc,No,Drug,RxNorm,"1,242,955",prescriptions_crf; prescriptions_emr,2025-02-11,99.65%,"6,021","1,242,955"
IBD Plexus Sparc,No,Lab,Local,"2,658,045",labs_crf; labs_emr,2025-02-11,97.14%,"5,403","2,658,045"
IBD Plexus Sparc,No,Lab,LOINC,"4,143,974",labs_crf; labs_emr,2025-02-11,87.72%,"4,879","4,143,974"
IBD Plexus Sparc,No,Procedure,CPT,"291,758",procedures_crf; procedures_emr,2025-02-11,37.99%,"2,269","291,758"
IBD Plexus Sparc,No,Procedure,ICD 10,"259,672",procedures_crf; procedures_emr,2025-02-11,3.94%,235,"259,672"
IBD Plexus Sparc,No,Procedure,Local,"8,649,840",procedures_crf; procedures_emr,2025-02-11,99.75%,"5,957","8,649,840"
IBD Plexus Sparc,No,Procedure,HCPCS,"12,531",procedures_crf; procedures_emr,2025-02-11,11.75%,702,"12,531"
IQVIA (LAAD),No,Condition,ICD9CM,"3,830,349,725",claims_laad_XX_mx_fact_stitched (multiple tables) ,2025-01-31,44.98%,"186,244,104","3,830,349,725"
IQVIA (LAAD),No,Condition,ICD10CM,"55,336,815,815",claims_laad_XX_mx_fact_stitched (multiple tables) ,2025-01-31,93.53%,"387,228,259","55,336,815,815"
IQVIA (LAAD),No,Drug,NDC,"57,618,565,429",claims_laad_XX_rx_fact_stitched (multiple tables) ,2025-01-31,99.96%,"575,386,197","57,618,565,429"
IQVIA (LAAD),No,Procedure,CPT4,"39,525,627,888",claims_laad_XX_mx_fact_stitched (multiple tables) ,2025-01-31,98.05%,"391,954,975","39,525,627,888"
IQVIA (LAAD),No,Procedure,ICD9CM,"195,490",claims_laad_XX_mx_fact_stitched (multiple tables) ,2025-01-31,0.01%,"54,184","195,490"
IQVIA (LAAD),No,Procedure,ICD10PCS,"40,710,463",claims_laad_XX_mx_fact_stitched (multiple tables) ,2025-01-31,3.8%,"15,180,667","40,710,463"
IQVIA (LAAD),No,Procedure,HCPCS,"12,550,812,071",claims_laad_XX_mx_fact_stitched (multiple tables) ,2025-01-31,72.76%,"290,838,692","12,550,812,071"
IQVIA (LAAD),No,Procedure,ICD10CM,39,claims_laad_XX_mx_fact_stitched (multiple tables) ,2025-01-31,0%,35,39
MarketScan Commercial and Medicare (MS CCAE&MDCR),Yes,Condition,CPT4,"114,058",condition_occurrence,2024-12-31,0.04%,"44,434","114,058"
MarketScan Commercial and Medicare (MS CCAE&MDCR),Yes,Condition,ICD9CM,"7,630,946,619",condition_occurrence,2024-12-31,66.12%,"74,763,502","7,630,946,619"
MarketScan Commercial and Medicare (MS CCAE&MDCR),Yes,Condition,ICD10CM,"6,227,997,330",condition_occurrence,2024-12-31,52.77%,"59,674,189","6,227,997,330"
MarketScan Commercial and Medicare (MS CCAE&MDCR),Yes,Condition,HCPCS,"94,129",condition_occurrence,2024-12-31,0.02%,"17,315","94,129"
MarketScan Commercial and Medicare (MS CCAE&MDCR),Yes,Drug,CPT4,"237,476,952",drug_exposure,2024-12-31,51.59%,"53,609,095","237,476,952"
MarketScan Commercial and Medicare (MS CCAE&MDCR),Yes,Drug,ICD9Proc,"421,162",drug_exposure,2024-12-31,0.13%,"131,964","421,162"
MarketScan Commercial and Medicare (MS CCAE&MDCR),Yes,Drug,ICD10PCS,"362,492",drug_exposure,2024-12-31,0.1%,"103,461","362,492"
MarketScan Commercial and Medicare (MS CCAE&MDCR),Yes,Drug,HCPCS,"420,089,801",drug_exposure,2024-12-31,44.51%,"46,251,445","420,089,801"
MarketScan Commercial and Medicare (MS CCAE&MDCR),Yes,Drug,NDC,"4,570,009,720",drug_exposure,2024-12-31,84.38%,"87,674,121","4,570,009,720"
MarketScan Commercial and Medicare (MS CCAE&MDCR),Yes,Lab,CPT4,"3,039,059,804",measurement,2024-12-31,97.34%,"96,194,972","3,039,059,804"
MarketScan Commercial and Medicare (MS CCAE&MDCR),Yes,Lab,ICD9CM,"247,274,036",measurement,2024-12-31,35.49%,"35,074,382","247,274,036"
MarketScan Commercial and Medicare (MS CCAE&MDCR),Yes,Lab,ICD9Proc,"360,840",measurement,2024-12-31,0.2%,"193,843","360,840"
MarketScan Commercial and Medicare (MS CCAE&MDCR),Yes,Lab,ICD10CM,"149,121,138",measurement,2024-12-31,19.31%,"19,083,043","149,121,138"
MarketScan Commercial and Medicare (MS CCAE&MDCR),Yes,Lab,LOINC,"1,115,333,815",measurement,2024-12-31,13.14%,"12,987,275","1,115,333,815"
MarketScan Commercial and Medicare (MS CCAE&MDCR),Yes,Lab,HCPCS,"55,758,193",measurement,2024-12-31,18.41%,"18,198,980","55,758,193"
MarketScan Commercial and Medicare (MS CCAE&MDCR),Yes,Procedure,CDT,"1,552,636",procedure_occurrence,2024-12-31,0.46%,"504,063","1,552,636"
MarketScan Commercial and Medicare (MS CCAE&MDCR),Yes,Procedure,CPT4,"5,298,703,572",procedure_occurrence,2024-12-31,98.99%,"109,100,110","5,298,703,572"
MarketScan Commercial and Medicare (MS CCAE&MDCR),Yes,Procedure,ICD9CM,"590,650,036",procedure_occurrence,2024-12-31,51.81%,"57,097,064","590,650,036"
MarketScan Commercial and Medicare (MS CCAE&MDCR),Yes,Procedure,ICD9Proc,"98,796,086",procedure_occurrence,2024-12-31,13.19%,"14,535,198","98,796,086"
MarketScan Commercial and Medicare (MS CCAE&MDCR),Yes,Procedure,ICD10CM,"41,879,826",procedure_occurrence,2024-12-31,8.74%,"9,633,963","41,879,826"
MarketScan Commercial and Medicare (MS CCAE&MDCR),Yes,Procedure,ICD10PCS,"46,721,696",procedure_occurrence,2024-12-31,5.49%,"6,050,812","46,721,696"
MarketScan Commercial and Medicare (MS CCAE&MDCR),Yes,Procedure,HCPCS,"177,006,598",procedure_occurrence,2024-12-31,28.34%,"31,232,737","177,006,598"
Medical Data Vision (MDV),Partial,Condition,icd10,"3,140,975,651",condition_occurrence,2024-06-30,100%,"46,499,335","3,140,975,651"
Medical Data Vision (MDV),Partial,Drug,KDC,"397,480",drug_exposure,2024-06-30,0.11%,"54,489","397,480"
Medical Data Vision (MDV),Partial,Drug,Nebraska Lexicon,"4,222,405",drug_exposure,2024-06-30,5.04%,"2,451,295","4,222,405"
Medical Data Vision (MDV),Partial,Drug,EDI,"397,608",drug_exposure,2024-06-30,0.11%,"54,562","397,608"
Medical Data Vision (MDV),Partial,Drug,SNOMED,"4,222,405",drug_exposure,2024-06-30,5.04%,"2,451,295","4,222,405"
Medical Data Vision (MDV),Partial,Drug,GPI,"20,295,761",drug_exposure,2024-06-30,9.82%,"4,777,753","20,295,761"
Medical Data Vision (MDV),Partial,Drug,NDC,"7,188,988",drug_exposure,2024-06-30,2.78%,"1,353,975","7,188,988"
Optum Clinformatics DataMart,Yes,Condition,CPT4,"55,517",condition_occurrence,2024-10-31,0.03%,"23,024","55,517"
Optum Clinformatics DataMart,Yes,Condition,ICD9CM,"4,223,628,977",condition_occurrence,2024-10-31,63.58%,"51,965,349","4,223,628,977"
Optum Clinformatics DataMart,Yes,Condition,ICD10CM,"7,549,922,219",condition_occurrence,2024-10-31,55.33%,"45,220,164","7,549,922,219"
Optum Clinformatics DataMart,Yes,Condition,HCPCS,"224,618",condition_occurrence,2024-10-31,0.03%,"23,482","224,618"
Optum Clinformatics DataMart,Yes,Drug,CPT4,"161,615,311",drug_exposure,2024-10-31,46.5%,"36,943,510","161,615,311"
Optum Clinformatics DataMart,Yes,Drug,ICD9Proc,"307,863",drug_exposure,2024-10-31,0.15%,"120,559","307,863"
Optum Clinformatics DataMart,Yes,Drug,ICD10PCS,"589,888",drug_exposure,2024-10-31,0.29%,"227,284","589,888"
Optum Clinformatics DataMart,Yes,Drug,HCPCS,"412,655,893",drug_exposure,2024-10-31,43.92%,"34,888,763","412,655,893"
Optum Clinformatics DataMart,Yes,Drug,NDC,"4,440,066,504",drug_exposure,2024-10-31,96.86%,"76,946,689","4,440,066,504"
Optum Clinformatics DataMart,Yes,Lab,CPT4,"3,207,280,392",rwd_labs,2024-10-31,97.07%,"69,617,040","3,207,280,392"
Optum Clinformatics DataMart,Yes,Lab,ICD9CM,"151,017,264",rwd_labs,2024-10-31,32.06%,"22,989,614","151,017,264"
Optum Clinformatics DataMart,Yes,Lab,ICD9Proc,"178,280",rwd_labs,2024-10-31,0.15%,"108,963","178,280"
Optum Clinformatics DataMart,Yes,Lab,ICD10CM,"160,912,918",rwd_labs,2024-10-31,25.31%,"18,154,852","160,912,918"
Optum Clinformatics DataMart,Yes,Lab,LOINC,"6,259,423,422",rwd_labs,2024-10-31,55.71%,"39,955,141","6,259,423,422"
Optum Clinformatics DataMart,Yes,Lab,HCPCS,"69,552,177",rwd_labs,2024-10-31,23.17%,"16,616,908","69,552,177"
Optum Clinformatics DataMart,Yes,Procedure,CPT4,"4,220,838,502",procedure_occurrence,2024-10-31,98.51%,"78,089,127","4,220,838,502"
Optum Clinformatics DataMart,Yes,Procedure,ICD9CM,"333,210,852",procedure_occurrence,2024-10-31,46.82%,"37,116,509","333,210,852"
Optum Clinformatics DataMart,Yes,Procedure,ICD10CM,"49,357,454",procedure_occurrence,2024-10-31,14.26%,"11,307,517","49,357,454"
Optum Clinformatics DataMart,Yes,Procedure,ICD9Proc,"61,039,033",procedure_occurrence,2024-10-31,16.14%,"12,793,090","61,039,033"
Optum Clinformatics DataMart,Yes,Procedure,ICD10PCS,"50,843,141",procedure_occurrence,2024-10-31,7.45%,"5,907,004","50,843,141"
Optum Clinformatics DataMart,Yes,Procedure,HCPCS,"193,693,867",procedure_occurrence,2024-10-31,32.03%,"25,393,965","193,693,867"
OPTUM EHR PanTher,Yes,Condition,CPT4,"51,652",condition_occurrence,2024-12-31,0.04%,"31,649","51,652"
OPTUM EHR PanTher,Yes,Condition,AMG_EHR_DIAG,"193,763,172",condition_occurrence,2024-12-31,10.14%,"9,080,281","193,763,172"
OPTUM EHR PanTher,Yes,Condition,ICD9CM,"2,303,972,679",condition_occurrence,2024-12-31,68.65%,"61,477,253","2,303,972,679"
OPTUM EHR PanTher,Yes,Condition,ICD10CM,"5,166,450,276",condition_occurrence,2024-12-31,83%,"74,320,432","5,166,450,276"
OPTUM EHR PanTher,Yes,Condition,SNOMED,"2,741,659",condition_occurrence,2024-12-31,1.3%,"1,162,586","2,741,659"
OPTUM EHR PanTher,Yes,Condition,AMG_EHR_PROC_DESC,"55,076,957",condition_occurrence,2024-12-31,3.85%,"3,443,671","55,076,957"
OPTUM EHR PanTher,Yes,Condition,HCPCS,"7,586",condition_occurrence,2024-12-31,0%,"3,126","7,586"
OPTUM EHR PanTher,Yes,Drug,AMG_EHR_PROC_CODE,"56,597,802",drug_exposure,2024-12-31,10.7%,"9,450,131","56,597,802"
OPTUM EHR PanTher,Yes,Drug,CPT4,"129,715,626",drug_exposure,2024-12-31,27.16%,"23,989,513","129,715,626"
OPTUM EHR PanTher,Yes,Drug,ICD9Proc,"887,587",drug_exposure,2024-12-31,0.47%,"412,920","887,587"
OPTUM EHR PanTher,Yes,Drug,ICD10PCS,"230,077",drug_exposure,2024-12-31,0.17%,"149,182","230,077"
OPTUM EHR PanTher,Yes,Drug,SNOMED,"7,047",drug_exposure,2024-12-31,0.01%,"5,906","7,047"
OPTUM EHR PanTher,Yes,Drug,AMG_EHR_NDC,"201,322,562",drug_exposure,2024-12-31,26.94%,"23,794,104","201,322,562"
OPTUM EHR PanTher,Yes,Drug,AMG_EHR_PROC_DESC,"119,391,836",drug_exposure,2024-12-31,24.31%,"21,474,094","119,391,836"
OPTUM EHR PanTher,Yes,Drug,HCPCS,"546,199,408",drug_exposure,2024-12-31,39.84%,"35,186,746","546,199,408"
OPTUM EHR PanTher,Yes,Drug,NDC,"8,641,088,044",drug_exposure,2024-12-31,97.51%,"86,125,558","8,641,088,044"
OPTUM EHR PanTher,Yes,Lab,AMG_EHR_PROC_CODE,"22,909,029",measurement,2024-12-31,6.63%,"6,497,328","22,909,029"
OPTUM EHR PanTher,Yes,Lab,CPT4,"2,003,555,229",measurement,2024-12-31,61.99%,"60,723,889","2,003,555,229"
OPTUM EHR PanTher,Yes,Lab,ICD9CM,"90,088,461",measurement,2024-12-31,19.51%,"19,112,950","90,088,461"
OPTUM EHR PanTher,Yes,Lab,AMG_EHR_ANTIBIO,"134,742,364",measurement,2024-12-31,5.37%,"5,262,119","134,742,364"
OPTUM EHR PanTher,Yes,Lab,AMG_EHR_UNIT,"3,885,272,037",measurement,2024-12-31,75.92%,"74,370,380","3,885,272,037"
OPTUM EHR PanTher,Yes,Lab,ICD10CM,"122,871,393",measurement,2024-12-31,18.4%,"18,026,898","122,871,393"
OPTUM EHR PanTher,Yes,Lab,ICD9Proc,"97,500",measurement,2024-12-31,0.06%,"63,026","97,500"
OPTUM EHR PanTher,Yes,Lab,AMG_EHR_SPECIMEN,"19,162,254",measurement,2024-12-31,7.29%,"7,142,922","19,162,254"
OPTUM EHR PanTher,Yes,Lab,SNOMED,"38,397",measurement,2024-12-31,0.03%,"28,260","38,397"
OPTUM EHR PanTher,Yes,Lab,AMG_EHR_OBS,"17,833,481,951",measurement,2024-12-31,89.4%,"87,567,535","17,833,481,951"
OPTUM EHR PanTher,Yes,Lab,AMG_EHR_PROC_DESC,"453,513,517",measurement,2024-12-31,24.51%,"24,012,885","453,513,517"
OPTUM EHR PanTher,Yes,Lab,HCPCS,"23,235,200",measurement,2024-12-31,9.82%,"9,623,298","23,235,200"
OPTUM EHR PanTher,Yes,Procedure,AMG_EHR_PROC_CODE,"513,232,288",procedure_occurrence,2024-12-31,42.63%,"39,582,674","513,232,288"
OPTUM EHR PanTher,Yes,Procedure,CPT4,"2,087,922,013",procedure_occurrence,2024-12-31,83.5%,"77,527,581","2,087,922,013"
OPTUM EHR PanTher,Yes,Procedure,AMG_EHR_DIAG,"312,010",procedure_occurrence,2024-12-31,0.25%,"236,146","312,010"
OPTUM EHR PanTher,Yes,Procedure,ICD9CM,"171,226,744",procedure_occurrence,2024-12-31,31.55%,"29,292,263","171,226,744"
OPTUM EHR PanTher,Yes,Procedure,ICD9Proc,"54,573,750",procedure_occurrence,2024-12-31,13.37%,"12,413,282","54,573,750"
OPTUM EHR PanTher,Yes,Procedure,ICD10CM,"35,188,398",procedure_occurrence,2024-12-31,8.99%,"8,351,002","35,188,398"
OPTUM EHR PanTher,Yes,Procedure,ICD10PCS,"134,118,839",procedure_occurrence,2024-12-31,12.26%,"11,383,122","134,118,839"
OPTUM EHR PanTher,Yes,Procedure,SNOMED,"597,999",procedure_occurrence,2024-12-31,0.33%,"301,896","597,999"
OPTUM EHR PanTher,Yes,Procedure,AMG_EHR_PROC_DESC,"575,681,717",procedure_occurrence,2024-12-31,42.08%,"39,072,268","575,681,717"
OPTUM EHR PanTher,Yes,Procedure,HCPCS,"100,877,609",procedure_occurrence,2024-12-31,19.09%,"17,721,052","100,877,609"
Optum Market Clarity Bone,Yes,Condition,OPTUM_EHR_SDS,"5,663,048,506",condition_occurrence,2024-06-30,66.29%,"11,957,297","5,663,048,506"
Optum Market Clarity Bone,Yes,Condition,CPT4,"96,740",condition_occurrence,2024-06-30,0.18%,"32,625","96,740"
Optum Market Clarity Bone,Yes,Condition,ICD9CM,"2,715,629,039",condition_occurrence,2024-06-30,93.11%,"16,795,978","2,715,629,039"
Optum Market Clarity Bone,Yes,Condition,ICD10CM,"10,548,087,920",condition_occurrence,2024-06-30,95.71%,"17,264,833","10,548,087,920"
Optum Market Clarity Bone,Yes,Condition,SNOMED,"91,283,870",condition_occurrence,2024-06-30,14.74%,"2,659,603","91,283,870"
Optum Market Clarity Bone,Yes,Condition,HCPCS,"185,048",condition_occurrence,2024-06-30,0.08%,"15,072","185,048"
Optum Market Clarity Bone,Yes,Condition,OPTUM_EHR_PROCEDURE,"29,896,485",condition_occurrence,2024-06-30,4.67%,"842,779","29,896,485"
Optum Market Clarity Bone,Yes,Drug,CPT4,"91,996,631",drug_exposure,2024-06-30,73.46%,"13,108,155","91,996,631"
Optum Market Clarity Bone,Yes,Drug,OPTUM_EHR_NDC,"115,403,694",drug_exposure,2024-06-30,32.68%,"5,831,810","115,403,694"
Optum Market Clarity Bone,Yes,Drug,ICD9Proc,"236,097",drug_exposure,2024-06-30,0.52%,"93,508","236,097"
Optum Market Clarity Bone,Yes,Drug,ICD10PCS,"632,192",drug_exposure,2024-06-30,1.23%,"219,400","632,192"
Optum Market Clarity Bone,Yes,Drug,SNOMED,"955,332",drug_exposure,2024-06-30,2.11%,"375,825","955,332"
Optum Market Clarity Bone,Yes,Drug,HCPCS,"565,586,680",drug_exposure,2024-06-30,85.34%,"15,226,478","565,586,680"
Optum Market Clarity Bone,Yes,Drug,NDC,"7,684,732,659",drug_exposure,2024-06-30,99.3%,"17,718,325","7,684,732,659"
Optum Market Clarity Bone,Yes,Drug,OPTUM_EHR_PROCEDURE,"20,238,423",drug_exposure,2024-06-30,18.05%,"3,220,881","20,238,423"
Optum Market Clarity Bone,Yes,Lab,OPTUM_EHR_TNM,"9,101,972",measurement,2024-06-30,9.33%,"1,670,304","9,101,972"
Optum Market Clarity Bone,Yes,Lab,OPTUM_EHR_OBS,"6,753,438,919",measurement,2024-06-30,77.34%,"13,844,350","6,753,438,919"
Optum Market Clarity Bone,Yes,Lab,OPTUM_EHR_BIOMARKER,"10,564,895",measurement,2024-06-30,6.12%,"1,095,415","10,564,895"
Optum Market Clarity Bone,Yes,Lab,OPTUM_EHR_LAB,"271,232,646",measurement,2024-06-30,56.98%,"10,200,544","271,232,646"
Optum Market Clarity Bone,Yes,Lab,OPTUM_EHR_MEASUREMENT,"3,797,936,069",measurement,2024-06-30,63.76%,"11,413,818","3,797,936,069"
Optum Market Clarity Bone,Yes,Lab,CPT4,"2,471,607,552",measurement,2024-06-30,96.32%,"17,242,979","2,471,607,552"
Optum Market Clarity Bone,Yes,Lab,ICD9CM,"75,646,147",measurement,2024-06-30,50.99%,"9,126,876","75,646,147"
Optum Market Clarity Bone,Yes,Lab,ICD10CM,"205,948,303",measurement,2024-06-30,64.46%,"11,539,738","205,948,303"
Optum Market Clarity Bone,Yes,Lab,ICD9Proc,"61,289",measurement,2024-06-30,0.17%,"30,703","61,289"
Optum Market Clarity Bone,Yes,Lab,ICD10PCS,202,measurement,2024-06-30,0%,94,202
Optum Market Clarity Bone,Yes,Lab,OPTUM_EHR_ANT,"60,417,841",measurement,2024-06-30,8.69%,"1,555,919","60,417,841"
Optum Market Clarity Bone,Yes,Lab,SNOMED,"3,952,126",measurement,2024-06-30,3.8%,"680,186","3,952,126"
Optum Market Clarity Bone,Yes,Lab,LOINC,"7,348,748,268",measurement,2024-06-30,79.27%,"14,189,889","7,348,748,268"
Optum Market Clarity Bone,Yes,Lab,HCPCS,"61,104,203",measurement,2024-06-30,52.9%,"9,468,764","61,104,203"
Optum Market Clarity Bone,Yes,Lab,OPTUM_EHR_PROCEDURE,"452,330,510",measurement,2024-06-30,57.75%,"10,337,694","452,330,510"
Optum Market Clarity Bone,Yes,Lab,OPTUM_EHR_SPE,"6,473,572",measurement,2024-06-30,10.43%,"1,867,655","6,473,572"
Optum Market Clarity Bone,Yes,Procedure,CPT4,"3,766,144,984",procedure_occurrence,2024-06-30,99.54%,"17,901,606","3,766,144,984"
Optum Market Clarity Bone,Yes,Procedure,ICD9CM,"170,852,784",procedure_occurrence,2024-06-30,72.11%,"12,968,943","170,852,784"
Optum Market Clarity Bone,Yes,Procedure,ICD9Proc,"34,262,462",procedure_occurrence,2024-06-30,23.78%,"4,276,890","34,262,462"
Optum Market Clarity Bone,Yes,Procedure,ICD10CM,"68,056,627",procedure_occurrence,2024-06-30,51%,"9,173,014","68,056,627"
Optum Market Clarity Bone,Yes,Procedure,ICD10PCS,"86,416,180",procedure_occurrence,2024-06-30,33.02%,"5,938,898","86,416,180"
Optum Market Clarity Bone,Yes,Procedure,SNOMED,"4,946,098",procedure_occurrence,2024-06-30,4.58%,"824,561","4,946,098"
Optum Market Clarity Bone,Yes,Procedure,LOINC,"164,863",procedure_occurrence,2024-06-30,0.32%,"58,428","164,863"
Optum Market Clarity Bone,Yes,Procedure,HCPCS,"396,651,881",procedure_occurrence,2024-06-30,76.48%,"13,754,395","396,651,881"
Optum Market Clarity Bone,Yes,Procedure,OPTUM_EHR_PROCEDURE,"423,718,981",procedure_occurrence,2024-06-30,57.86%,"10,406,515","423,718,981"
Optum Market Clarity Obesity,Yes,Condition,OPTUM_EHR_SDS,"2,878,917,532",condition_occurrence,2024-06-30,74.48%,"7,092,072","2,878,917,532"
Optum Market Clarity Obesity,Yes,Condition,CPT4,"29,487",condition_occurrence,2024-06-30,0.11%,"10,776","29,487"
Optum Market Clarity Obesity,Yes,Condition,ICD9CM,"1,165,142,548",condition_occurrence,2024-06-30,93.81%,"8,932,493","1,165,142,548"
Optum Market Clarity Obesity,Yes,Condition,ICD10CM,"4,746,191,564",condition_occurrence,2024-06-30,97.68%,"9,301,446","4,746,191,564"
Optum Market Clarity Obesity,Yes,Condition,SNOMED,"68,457,092",condition_occurrence,2024-06-30,19.81%,"1,886,168","68,457,092"
Optum Market Clarity Obesity,Yes,Condition,HCPCS,"72,307",condition_occurrence,2024-06-30,0.07%,"6,365","72,307"
Optum Market Clarity Obesity,Yes,Condition,OPTUM_EHR_PROCEDURE,"8,927,545",condition_occurrence,2024-06-30,4.06%,"387,035","8,927,545"
Optum Market Clarity Obesity,Yes,Drug,CPT4,"41,659,048",drug_exposure,2024-06-30,72.25%,"6,863,157","41,659,048"
Optum Market Clarity Obesity,Yes,Drug,OPTUM_EHR_NDC,"59,062,258",drug_exposure,2024-06-30,36.19%,"3,437,663","59,062,258"
Optum Market Clarity Obesity,Yes,Drug,ICD9Proc,"108,809",drug_exposure,2024-06-30,0.44%,"41,701","108,809"
Optum Market Clarity Obesity,Yes,Drug,ICD10PCS,"319,477",drug_exposure,2024-06-30,1.2%,"114,188","319,477"
Optum Market Clarity Obesity,Yes,Drug,SNOMED,"609,987",drug_exposure,2024-06-30,2.68%,"254,866","609,987"
Optum Market Clarity Obesity,Yes,Drug,HCPCS,"257,951,601",drug_exposure,2024-06-30,84.09%,"7,987,519","257,951,601"
Optum Market Clarity Obesity,Yes,Drug,NDC,"4,333,491,038",drug_exposure,2024-06-30,99.79%,"9,478,428","4,333,491,038"
Optum Market Clarity Obesity,Yes,Drug,OPTUM_EHR_PROCEDURE,"11,804,986",drug_exposure,2024-06-30,22.12%,"2,101,286","11,804,986"
Optum Market Clarity Obesity,Yes,Lab,OPTUM_EHR_TNM,"4,600,088",measurement,2024-06-30,10.46%,"995,842","4,600,088"
Optum Market Clarity Obesity,Yes,Lab,OPTUM_EHR_OBS,"3,349,085,602",measurement,2024-06-30,89.02%,"8,474,695","3,349,085,602"
Optum Market Clarity Obesity,Yes,Lab,OPTUM_EHR_BIOMARKER,"3,533,652",measurement,2024-06-30,5.42%,"515,583","3,533,652"
Optum Market Clarity Obesity,Yes,Lab,OPTUM_EHR_LAB,"133,222,561",measurement,2024-06-30,65.81%,"6,265,309","133,222,561"
Optum Market Clarity Obesity,Yes,Lab,OPTUM_EHR_MEASUREMENT,"1,945,303,408",measurement,2024-06-30,72.05%,"6,858,907","1,945,303,408"
Optum Market Clarity Obesity,Yes,Lab,CPT4,"1,314,045,572",measurement,2024-06-30,97.47%,"9,278,609","1,314,045,572"
Optum Market Clarity Obesity,Yes,Lab,ICD9CM,"37,988,798",measurement,2024-06-30,53.84%,"5,125,698","37,988,798"
Optum Market Clarity Obesity,Yes,Lab,ICD10CM,"81,215,825",measurement,2024-06-30,63.6%,"6,054,532","81,215,825"
Optum Market Clarity Obesity,Yes,Lab,ICD9Proc,"23,603",measurement,2024-06-30,0.14%,"12,908","23,603"
Optum Market Clarity Obesity,Yes,Lab,ICD10PCS,80,measurement,2024-06-30,0%,35,80
Optum Market Clarity Obesity,Yes,Lab,OPTUM_EHR_ANT,"24,316,305",measurement,2024-06-30,7.29%,"693,530","24,316,305"
Optum Market Clarity Obesity,Yes,Lab,SNOMED,"3,300,040",measurement,2024-06-30,6.03%,"574,498","3,300,040"
Optum Market Clarity Obesity,Yes,Lab,LOINC,"3,688,944,524",measurement,2024-06-30,87.02%,"8,283,895","3,688,944,524"
Optum Market Clarity Obesity,Yes,Lab,HCPCS,"32,179,266",measurement,2024-06-30,55.76%,"5,307,763","32,179,266"
Optum Market Clarity Obesity,Yes,Lab,OPTUM_EHR_PROCEDURE,"233,139,274",measurement,2024-06-30,63.41%,"6,036,377","233,139,274"
Optum Market Clarity Obesity,Yes,Lab,OPTUM_EHR_SPE,"2,735,189",measurement,2024-06-30,9.41%,"896,264","2,735,189"
Optum Market Clarity Obesity,Yes,Procedure,CPT4,"1,711,270,812",procedure_occurrence,2024-06-30,99.52%,"9,456,642","1,711,270,812"
Optum Market Clarity Obesity,Yes,Procedure,ICD9CM,"76,831,237",procedure_occurrence,2024-06-30,71.01%,"6,747,211","76,831,237"
Optum Market Clarity Obesity,Yes,Procedure,ICD9Proc,"16,546,842",procedure_occurrence,2024-06-30,21.99%,"2,089,118","16,546,842"
Optum Market Clarity Obesity,Yes,Procedure,ICD10CM,"29,500,088",procedure_occurrence,2024-06-30,48.23%,"4,583,172","29,500,088"
Optum Market Clarity Obesity,Yes,Procedure,ICD10PCS,"38,801,733",procedure_occurrence,2024-06-30,31.36%,"2,980,063","38,801,733"
Optum Market Clarity Obesity,Yes,Procedure,SNOMED,"3,749,259",procedure_occurrence,2024-06-30,6.77%,"643,276","3,749,259"
Optum Market Clarity Obesity,Yes,Procedure,LOINC,"62,312",procedure_occurrence,2024-06-30,0.24%,"22,544","62,312"
Optum Market Clarity Obesity,Yes,Procedure,HCPCS,"141,077,938",procedure_occurrence,2024-06-30,73.39%,"6,973,883","141,077,938"
Optum Market Clarity Obesity,Yes,Procedure,OPTUM_EHR_PROCEDURE,"194,349,751",procedure_occurrence,2024-06-30,66.52%,"6,320,223","194,349,751"
Verantos INSIGHTS,Partial,Condition,None,325,condition_occurrence,2024-10-30,27.19%,62,325
Verantos INSIGHTS,Partial,Condition,ICD10CM,5,condition_occurrence,2024-10-30,1.32%,3,5
Verantos INSIGHTS,Partial,Condition,SNOMED,"1,020,383",condition_occurrence,2024-10-30,100%,228,"1,020,383"
Verantos INSIGHTS,Partial,Condition,OMOP Extension,337,condition_occurrence,2024-10-30,13.6%,31,337
Verantos INSIGHTS,Partial,Drug,None,"13,061",drug_exposure,2024-10-30,67.11%,153,"13,061"
Verantos INSIGHTS,Partial,Drug,EPIC LIM .1,529,drug_exposure,2024-10-30,14.91%,34,529
Verantos INSIGHTS,Partial,Drug,CPT4,362,drug_exposure,2024-10-30,16.23%,37,362
Verantos INSIGHTS,Partial,Drug,ICD10CM,2,drug_exposure,2024-10-30,0.88%,2,2
Verantos INSIGHTS,Partial,Drug,EPIC ERX .1,"17,109",drug_exposure,2024-10-30,19.74%,45,"17,109"
Verantos INSIGHTS,Partial,Drug,ICD10PCS,8,drug_exposure,2024-10-30,2.63%,6,8
Verantos INSIGHTS,Partial,Drug,psjh_med,496,drug_exposure,2024-10-30,5.26%,12,496
Verantos INSIGHTS,Partial,Drug,EPIC EAP .1,44,drug_exposure,2024-10-30,7.46%,17,44
Verantos INSIGHTS,Partial,Drug,SNOMED,12,drug_exposure,2024-10-30,1.32%,3,12
Verantos INSIGHTS,Partial,Drug,HCPCS,"11,566",drug_exposure,2024-10-30,79.82%,182,"11,566"
Verantos INSIGHTS,Partial,Drug,RxNorm,"179,067",drug_exposure,2024-10-30,72.37%,165,"179,067"
Verantos INSIGHTS,Partial,Drug,NDC,"60,170",drug_exposure,2024-10-30,73.25%,167,"60,170"
Verantos INSIGHTS,Partial,Lab,EPIC DIASTOLIC BP,"5,115",measurement,2024-10-30,20.18%,46,"5,115"
Verantos INSIGHTS,Partial,Lab,VUMC Labs,"3,103",measurement,2024-10-30,21.05%,48,"3,103"
Verantos INSIGHTS,Partial,Lab,None,"153,977",measurement,2024-10-30,56.14%,128,"153,977"
Verantos INSIGHTS,Partial,Lab,CPT4,"13,195",measurement,2024-10-30,28.95%,66,"13,195"
Verantos INSIGHTS,Partial,Lab,Nebraska Lexicon,58,measurement,2024-10-30,5.26%,12,58
Verantos INSIGHTS,Partial,Lab,VUMC Labs PFT,"2,423",measurement,2024-10-30,21.49%,49,"2,423"
Verantos INSIGHTS,Partial,Lab,ICD9CM,159,measurement,2024-10-30,14.47%,33,159
Verantos INSIGHTS,Partial,Lab,EPIC EDG .1,141,measurement,2024-10-30,9.21%,21,141
Verantos INSIGHTS,Partial,Lab,ICD10CM,"2,636",measurement,2024-10-30,54.39%,124,"2,636"
Verantos INSIGHTS,Partial,Lab,EPIC FLO .1,"52,964",measurement,2024-10-30,21.49%,49,"52,964"
Verantos INSIGHTS,Partial,Lab,EPIC SYSTOLIC BP,"5,115",measurement,2024-10-30,20.18%,46,"5,115"
Verantos INSIGHTS,Partial,Lab,EPIC EAP .1,"5,641",measurement,2024-10-30,20.18%,46,"5,641"
Verantos INSIGHTS,Partial,Lab,SNOMED,"9,443",measurement,2024-10-30,45.18%,103,"9,443"
Verantos INSIGHTS,Partial,Lab,LOINC,"345,989",measurement,2024-10-30,90.35%,206,"345,989"
Verantos INSIGHTS,Partial,Lab,EPIC LRR .1,"44,549",measurement,2024-10-30,20.18%,46,"44,549"
Verantos INSIGHTS,Partial,Lab,HCPCS,820,measurement,2024-10-30,51.75%,118,820
Verantos INSIGHTS,Partial,Procedure,None,"2,476",procedure_occurrence,2024-10-30,31.39%,70,"2,476"
Verantos INSIGHTS,Partial,Procedure,CPT4,"25,950",procedure_occurrence,2024-10-30,75.34%,168,"25,950"
Verantos INSIGHTS,Partial,Procedure,ICD9Proc,22,procedure_occurrence,2024-10-30,1.79%,4,22
Verantos INSIGHTS,Partial,Procedure,ICD10PCS,"1,615",procedure_occurrence,2024-10-30,52.91%,118,"1,615"
Verantos INSIGHTS,Partial,Procedure,Visit,54,procedure_occurrence,2024-10-30,4.48%,10,54
Verantos INSIGHTS,Partial,Procedure,SNOMED,"15,317",procedure_occurrence,2024-10-30,91.03%,203,"15,317"
Verantos INSIGHTS,Partial,Procedure,LOINC,32,procedure_occurrence,2024-10-30,5.83%,13,32
Verantos INSIGHTS,Partial,Procedure,HCPCS,"1,419",procedure_occurrence,2024-10-30,50.22%,112,"1,419"
Verantos INSIGHTS,Partial,Procedure,RxNorm,42,procedure_occurrence,2024-10-30,10.31%,23,42
Verantos INSIGHTS,Partial,Procedure,CMS Place of Service,71,procedure_occurrence,2024-10-30,0.9%,2,71
Verantos INSIGHTS,Partial,Procedure,OMOP Extension,224,procedure_occurrence,2024-10-30,20.18%,45,224
